design,combined_score,epitope_coverage,epitope_precision,ref_epitope_residue_count,covered_epitope_count,design_contact_count_mapped_to_ref,off_epitope_contact_count,target_CA_RMSD_after_superpose,covered_epitope_residues,missed_epitope_residues,off_epitope_contact_residues
pdl1_fv_hotspot_set1_1_dldesign_2_best.pdb,0.6035714285714286,0.4642857142857143,0.9285714285714286,28,13,14,1,0.4256430064208357,"54,56,60,61,113,115,117,119,120,121,122,123,125","45,49,51,52,58,59,62,63,66,68,69,76,111,112,118",116
pdl1_fv_hotspot_set1_1_dldesign_3_best.pdb,0.6,0.42857142857142855,1.0,28,12,12,0,0.365925967040132,"54,56,58,63,66,68,69,76,115,117,119,121","45,49,51,52,59,60,61,62,111,112,113,118,120,122,123,125",
pdl1_fv_hotspot_set1_1_dldesign_1_best.pdb,0.5710526315789474,0.5,0.7368421052631579,28,14,19,5,0.3607473455008411,"54,56,58,59,60,61,62,63,66,113,115,117,123,125","45,49,51,52,68,69,76,111,112,118,119,120,121,122","78,79,80,81,107"
pdl1_fv_hotspot_set1_4_dldesign_4_best.pdb,0.56875,0.4642857142857143,0.8125,28,13,16,3,0.3213316738942969,"56,58,60,61,62,63,66,76,111,113,115,123,125","45,49,51,52,54,59,68,69,112,117,118,119,120,121,122","77,78,79"
pdl1_fv_hotspot_set1_1_dldesign_0_best.pdb,0.5,0.2857142857142857,1.0,28,8,8,0,0.3917305357711868,"58,59,60,61,62,63,76,113","45,49,51,52,54,56,66,68,69,111,112,115,117,118,119,120,121,122,123,125",
pdl1_fv_hotspot_set1_1_dldesign_4_best.pdb,0.4894736842105263,0.42857142857142855,0.631578947368421,28,12,19,7,0.4058807998705409,"56,58,59,60,61,62,63,111,113,115,123,125","45,49,51,52,54,66,68,69,76,112,117,118,119,120,121,122","78,79,80,106,107,109,110"
pdl1_fv_hotspot_set1_4_dldesign_0_best.pdb,0.425,0.17857142857142858,1.0,28,5,5,0,0.31368436064654476,"58,60,61,113,125","45,49,51,52,54,56,59,62,63,66,68,69,76,111,112,115,117,118,119,120,121,122,123",
pdl1_fv_hotspot_set1_4_dldesign_3_best.pdb,0.35,0.07142857142857142,1.0,28,2,2,0,0.3059128177255715,"60,61","45,49,51,52,54,56,58,59,62,63,66,68,69,76,111,112,113,115,117,118,119,120,121,122,123,125",
pdl1_fv_hotspot_set1_4_dldesign_1_best.pdb,0.33999999999999997,0.14285714285714285,0.8,28,4,5,1,0.2355447004434553,"60,61,123,125","45,49,51,52,54,56,58,59,62,63,66,68,69,76,111,112,113,115,117,118,119,120,121,122",78
pdl1_fv_hotspot_set1_4_dldesign_2_best.pdb,0.325,0.03571428571428571,1.0,28,1,1,0,0.3247247175027911,69,"45,49,51,52,54,56,58,59,60,61,62,63,66,68,76,111,112,113,115,117,118,119,120,121,122,123,125",
